{
  "aws_project_region": "ap-southeast-1",
  "aws_appsync_graphqlEndpoint": "https://se7jlrezlbfqtbhgbur2ho7nve.appsync-api.ap-southeast-1.amazonaws.com/graphql",
  "aws_appsync_region": "ap-southeast-1",
  "aws_appsync_authenticationType": "API_KEY",
  "aws_appsync_apiKey": "da2-sozeonqiyngqlfvqerog7rsnvm",
  "aws_cognito_identity_pool_id": "ap-southeast-1:a7922744-4c59-4979-b386-13e05591c7cd",
  "aws_cognito_region": "ap-southeast-1",
  "aws_user_pools_id": "ap-southeast-1_G6lnUXy44",
  "aws_user_pools_web_client_id": "73hgijbc7ar7kb2f06ooah6bbo",
  "oauth": {},
  "aws_cognito_username_attributes": [],
  "aws_cognito_social_providers": [],
  "aws_cognito_signup_attributes": [
    "EMAIL"
  ],
  "aws_cognito_mfa_configuration": "OFF",
  "aws_cognito_mfa_types": [
    "SMS"
  ],
  "aws_cognito_password_protection_settings": {
    "passwordPolicyMinLength": 8,
    "passwordPolicyCharacters": []
  },
  "aws_cognito_verification_mechanisms": [
    "EMAIL"
  ],
  "aws_user_files_s3_bucket": "aweadininprod2024954b8-prod",
  "aws_user_files_s3_bucket_region": "ap-southeast-1"
}